feature_0,feature_1,feature_2,feature_3,feature_4,feature_5,feature_6,feature_7,feature_8,feature_9,feature_10,feature_11,feature_12,feature_13,cat_feature_1,cat_feature_2,target
35.92664434377965,2.9587241195860217,12.267393649769348,56.169698839932636,7.566166409322192,1.657620028768678,21.78322420559734,57.16761192858278,0.6403704104531686,2.0041070334163327,50.842624985102006,24.761991667375156,16.326801595153995,40.62128018807476,C,individuals,0
47.20053574381375,37.5319282095844,8.713876728877112,40.379384648445594,32.944216827052955,4.571067463839858,15.266005648877552,23.839921195045612,1.5373621548575223,12.14698644224086,57.693055247574286,,41.14091142531466,58.42632429531984,C,legal entities,1
11.819951629192046,48.20922154050378,7.720604722836032,44.90001465668327,15.743240160003607,10.220228126515119,16.560457198225695,62.985250061791305,1.3327168414004826,3.105855366153687,18.30883010117278,52.64884416705245,25.549206659337152,35.09290693733544,C,individuals,1
40.107047861930305,57.44571688491014,3.02835132181756,33.991131614328665,49.54994529240589,12.83828306766396,11.613713289310416,7.8650296427147905,0.39011923910785407,13.893915281138922,46.05504201925348,30.704266814271122,0.6072842431411077,3.212911934127346,B,individuals,1
35.63969903659949,39.63063893829298,7.293578147378094,6.750193430302998,21.04410710475664,11.949304979779338,7.067858212264148,66.65486637764208,0.2035493504661149,2.4856136124549946,47.57569671494273,69.34199211837182,15.29530558736929,41.45466218069755,B,individuals,1
31.374598633235326,10.053185075020206,3.144979479971581,56.91214153704366,11.048007370678413,10.223182044496628,38.981625469741665,9.024324224355293,0.6688703627481445,3.290635476268845,22.063724568988956,8.728145869893991,30.14763723931572,47.00481964471861,A,individuals,0
36.07129967423687,62.12791537878885,1.8461642608709337,19.569995053948468,,3.413789691154854,5.746254356229332,36.752717474158416,1.3981891729173683,14.026759277435572,12.880107151628122,60.382278420412,38.271306684080045,24.497897022655447,B,legal entities,1
5.864283775040346,66.51890349253313,8.30822570069777,60.096429379441766,28.910028579521853,5.813053944437341,9.988334980280333,74.27303416689814,0.42435852783425193,0.3491886741835765,51.03305871965947,27.658346514503595,12.13155342996526,39.96770878846496,C,legal entities,1
19.41453989952555,27.027345069044667,0.29205325506001234,36.04277603331619,7.296674693379525,3.144942290326208,28.977483343170963,23.654076836748562,0.2734754238626353,8.485125652266326,21.40079938291297,19.87746860879741,28.838238742993028,46.59659946556189,C,legal entities,0
39.42187683209567,32.402064180499785,5.7572321486573275,48.192700730792026,11.538459169525048,2.238807463947943,26.859171046262787,30.923330955617008,1.1896752347202781,3.7706859845776064,32.351663718654024,65.77533139475578,19.57035615283253,37.21833297103436,A,legal entities,1
5.68587473521379,12.015580041324574,0.454799451884744,25.965467623691545,59.111712087767025,12.854154243045292,25.574747988782207,65.02447106356055,0.9955916917263428,5.418980661267947,17.282243047843373,47.90405721078264,8.960094281487036,26.289700659976994,C,legal entities,0
44.01302269239475,8.682951498211292,1.635067823835021,13.730241324877383,32.99030943511791,3.702702624896062,20.33335307811453,22.803785334105186,0.8482607320951885,4.0797353934447536,97.59241308204085,36.14307021166852,34.51474347122237,44.12052120300184,A,legal entities,1
26.145498585133975,16.049205985884324,6.472251114306573,41.665793589724906,27.4912180778776,1.2050695953108583,0.7266710155530804,24.75914864798062,0.2517155944143022,,17.50991620038499,28.92240728972663,33.04967345034896,51.35537129282123,B,individuals,0
25.460829436284303,12.170509875702825,3.4330118745980718,25.634919652966545,21.793279835588525,5.128768846379917,5.3279827028609885,68.96731855142265,0.049860245747638275,6.465738160212965,97.6231958194956,48.39371288514984,16.495685059593697,9.201246499178186,B,individuals,0
,0.9397474053764352,8.635115784769287,53.8519153198644,1.5039433193609815,10.666890873024087,40.36129595073008,48.30168695058005,0.6948371045945234,12.849133538863404,55.186741804955794,54.97485088778306,27.28060275919353,2.411578411944147,B,legal entities,0
,5.292145660432139,1.352036962118477,0.9425974499224582,25.174718751541164,2.627859230338049,34.57720747790105,56.63801282656476,,7.18606518803835,25.480125238545636,34.839822418606126,29.761392285051016,49.26488407282324,A,legal entities,0
4.353434991695318,47.601932445890704,9.412497027014906,34.201161303735574,12.810717281180425,7.931084542629388,20.31342956571502,35.922568128026654,0.7718494193844554,1.6285582448379368,18.212952587172254,7.139745681234308,11.254130186002019,16.593804981713618,C,legal entities,1
13.061885918175962,14.172380662223702,9.319886049166689,50.08457884487091,19.552628871297216,4.488264487609998,34.10587863394077,47.114721832747875,0.49168600681048974,10.486381631947571,34.315529801849024,43.026487779483276,46.07115095007734,18.99445633899492,A,legal entities,0
49.59453938507805,21.544721714244837,6.8469670573090164,28.14447616384273,46.81258580838965,0.8986372677577612,25.34092111217636,57.44067729201739,0.7911271194009463,1.5472525720876094,,49.85701988206956,41.55996037556216,26.55296960388908,B,legal entities,1
29.86845797366613,,5.22391344991638,20.606753827747404,39.183389234455916,14.484335820813529,32.86417734358465,14.511034023108135,0.9679597270298245,0.9759060977730569,24.588544785810463,12.632939747296913,15.573684407537922,42.75179962515664,A,legal entities,0
26.616323999139308,62.68242337267124,2.6961320464271084,22.284427988935644,19.716610506550463,3.4708845724739943,40.132302659406044,29.240783709959732,1.5759192509147557,5.737925070114942,20.32402846535204,8.744319558016612,39.70927837382652,2.0215139302311593,C,individuals,1
51.399644241795016,28.098379678073805,3.1349356165587614,37.77893557018607,7.944742214165522,1.061218470622565,33.44928490442672,32.068406681568966,0.8683892549679012,2.5965104597481603,6.116800557139053,,23.491780144295078,48.20692865169528,A,individuals,1
26.70472737004015,52.5768563854252,1.462861168642274,3.913613379144307,9.495756513923412,11.355839147157168,30.683213390648866,10.675187739790895,0.0519246749470942,10.07007304001679,85.17138677964228,55.31718519423309,9.412514749825666,36.76578460062751,B,legal entities,1
40.36556101804695,17.18919927135804,6.687721376772294,19.240511392427134,13.483546760611477,14.262082226588097,36.87584912308957,33.65396183340751,0.22918566861425776,10.696443789715152,25.463444072858557,12.361537655129021,17.7079169533072,33.37001580096904,C,legal entities,1
5.19330816258219,38.41579886560462,0.19450750042887727,54.569721987401365,55.036420940487176,10.783035003648994,18.85244980270434,19.248127618980277,1.246836120552086,13.692562704929482,15.787236162369604,34.17013432291502,14.632247116047472,22.46764824932067,B,individuals,0
21.625801161175282,63.95145164854168,3.2776674936646097,30.144765366525764,56.87421957725414,7.002513667760364,34.89655401433249,4.437537956965271,1.5969002043614196,2.7557305220515693,97.58471125803169,12.87935135678362,20.624369142561058,19.43658425843275,C,individuals,1
23.090072453640236,16.832824465923824,12.23331329314651,18.706027737274603,39.04885970611992,2.0217708099413905,33.31206382536676,40.966712097845324,1.6411624289465365,6.221805980155981,19.463253960323364,25.38204713565568,34.204805253116156,41.51062176420011,C,individuals,0
41.48382864421445,4.936488637813677,7.354920736897745,57.0354862600659,6.449730179509696,1.3876155423082037,28.9567354758634,23.80055275012732,1.1035170076830914,8.014310010370329,98.19531573504615,65.21627979348744,31.471410943721466,16.48030490283122,B,individuals,0
13.959002384841739,59.27819757657981,7.417933772529718,48.29283727777495,26.89018660207583,1.516151880728117,13.443280901737234,12.168951120796532,1.3100410649426832,10.2938754525559,8.804409677098235,45.58140884247084,40.57127569369601,43.92010179851802,B,individuals,1
27.240893730420044,20.954177756269605,11.242035333978448,25.869654967073874,,11.517461844660241,32.98231142891815,74.74314529168245,1.2546216824253602,0.5002243469776443,20.457694150301048,2.5817222925418495,8.814463824456253,3.8694690588332654,B,legal entities,0
26.73484253680259,1.8951830252719823,5.988919403046518,54.996299994783016,44.74538843384623,13.885030115000411,9.158401761236698,40.1041864920514,0.5338125457592646,7.25657740040788,55.47519177505305,2.654415135814096,10.826123516693459,44.38668915716088,A,individuals,0
41.194990065527115,38.261590107415884,,24.785395757951374,5.740505144961919,14.020705154293106,35.10174510944287,4.953867479460966,0.2789721847942389,8.539059847780372,23.146046286427694,68.54248639207832,35.069246727513146,17.211938074405655,B,individuals,1
0.3251888473404103,53.71508462541788,5.374421112846384,,17.153635460537696,2.101580655526805,27.28816637927634,34.00561774974535,0.3940509520187506,2.022414330142185,57.80580508614989,53.222345626607144,13.176053499690777,46.299380685023614,C,individuals,1
9.759921904837984,22.738241047218306,9.439774175442329,40.39140937905184,16.170281391615884,1.7965332194900447,1.71627719819411,63.273967411623154,0.1259080426987022,1.6876252092716997,23.671899050679595,32.691873735907095,36.65640980739256,15.586345874260424,A,individuals,0
28.967531491730306,6.072153994305817,5.886673731139646,10.868983924922,12.623765893865679,5.395828054064941,30.764735756556693,56.18107208026941,0.695329779738229,1.743847498835378,863.3189157080573,37.07011511184833,40.35203316022773,60.98081236736681,A,individuals,0
33.9754906040455,23.56271935006675,8.788024792719344,975.482378464658,37.38705509934888,3.5856612625840794,10.788548855385613,5.680552857350883,0.7039895881935512,9.083943760796004,78.5504386570509,59.44270399778561,46.06235194593605,5.5268680051244115,A,individuals,1
26.282866750955634,35.031297553101254,10.195723534021637,16.2973588690189,4.146661594954992,4.615205456384132,39.75881153425279,67.9200167316533,0.6622768176976985,12.876631593499773,3.261784466973791,23.048279768729213,33.73353859463223,13.947094040127421,A,individuals,1
10.573705463029118,,7.805886108545874,60.514146260014485,8.04974628380659,5.238437023743521,12.575590842114412,66.46192820221933,0.4277755013180302,5.19403456488324,14.223802621236365,56.879143406667765,11.032529155515642,4.302820392633608,A,individuals,0
23.19012812517193,26.30217633740765,2.250813061115262,8.174273583246308,53.59081788904057,0.9979520391760444,4.012982958648939,18.50439525699001,1.5965797808842281,1.254703478519468,,65.43603050578561,17.537986034754898,18.509510801991503,A,individuals,0
36.10241561983672,47.21020726045791,9.884525930524088,50.818892987441735,16.04307208808841,10.104796517558567,5.451305581860901,38.567146654787415,1.026954883357857,2.376616585340684,7.6187383074121815,14.285514453663126,19.52079729771963,55.91635015409323,B,individuals,1
28.34961178623454,50.291438140182954,2.2069057757063604,6.484360832916018,14.32288981030491,4.616994157145346,22.14784888096916,66.54583002043405,0.7139618774244979,7.623629587413686,0.45942900397522374,2.4435893747411854,3.8879822152346333,44.02274620783864,C,individuals,1
25.91269558173446,12.96511468123514,274.1867595285896,33.32253021083844,5.30789016131548,9.420090930526305,30.99939355054883,21.638746605341282,1.1519580938299925,2.9348360397648956,75.35720243632593,66.8827289112295,20.50839115478679,15.40633302864649,B,legal entities,0
21.275047299784827,16.80277245810903,0.015706411013425,39.798708172959316,2.541987829452978,3.09472263549373,29.19292949817987,50.27127308955933,0.12287011239467555,9.69936474586689,92.66928794736803,5.465090597329414,19.293349317971476,45.93984940213736,C,individuals,0
35.5878446751854,15.21930409828466,2.066525546722383,47.98478035722751,57.158575505614834,11.290696202612676,38.92141714608092,45.685364901392326,1.5568004250098535,10.145806428128505,90.50932232412997,11.853276288967614,37.85285113047516,12.39107832635822,A,individuals,1
1.4618975458188037,34.77675116210597,4.0331539528782585,2.6635011970540106,58.596721605754375,9.80331981042712,36.440660762967624,75.44429376022437,0.6567804655199382,,18.311729583301766,37.791287399732184,28.130044049149998,29.753250625747324,B,legal entities,0
20.63949345595436,11.306278669246655,5.5996163956820775,5.215669538581341,51.707371509430054,0.6899101118346396,15.381245028950213,7.561768081471587,1.2985593051380997,4.595603725553888,11.263377837479792,38.98727301611898,42.52719032076305,57.226582292068706,B,individuals,0
13.305730718497923,48.354126639322644,0.3837867359319812,8.067457653421231,29.855465371902337,3.3648710731992653,32.25637253981108,70.3085845490998,0.007260916171045172,3.422648828630155,43.771969405209134,41.30439386612185,42.50982119015138,56.17094817477394,B,individuals,1
33.95945687600725,17.293969697342938,9.926481231542931,12.399410752117312,57.6922180538002,0.08590168651300474,23.023434660034393,6.675191779596431,0.6829748142717832,9.330214016472777,68.67217488020876,57.6250475835408,27.538135235273234,15.828128232587051,C,individuals,1
47.39481212397133,54.49852461807856,2.0283174431486617,50.57074803302108,58.13886090574602,9.37311415188071,11.387258723852607,45.80606633213502,0.5739526371108924,9.932890348947089,54.25272579571293,68.1823095446393,28.679006468775217,13.476596657311463,A,legal entities,1
38.6464108951158,20.216094872148126,3.4519670138978573,23.97116626575869,0.7170895881758799,14.25548260765525,21.510573951809157,58.409286055328,,10.971395452372953,56.48044792485844,31.112879433145793,45.05169789841028,31.10234685219793,A,legal entities,1
35.04077855832572,1.0308459609558203,3.8202936541606927,54.37530444845106,45.36602485860405,7.895332578469436,36.37388748307056,36.71624723461997,0.9492406842925387,5.615655222142342,61.74534617860048,23.40019451897449,17.891859199957317,60.85936451091613,A,legal entities,0
5.932454009903711,7.072134876393888,0.548936991898462,19.58217998424035,23.803757855736603,1.390268900657339,22.189428032714492,44.04718141533488,1.2584222468427637,14.34164494889874,61.67685415555675,8.190087950338363,4.108678173533848,48.97001126944181,C,individuals,0
34.66106430834157,10.87907160551119,3.2107904424784635,45.90405830542879,33.841400132267644,8.605002926091618,8.48608499084288,47.50241454661986,1.2912672435754702,13.008594124825116,73.36440159104328,42.27974176386309,31.248003025940925,30.55238841130737,B,legal entities,0
12.093067626413474,59.27572310702151,6.749841507749832,36.3638413353633,59.18277795906836,14.488994680655104,23.691806720462388,2.56423411554386,0.6637858269845843,13.773326409565753,28.710388519290806,73.30084449066075,3.9134317283008793,35.779911342634406,C,individuals,1
27.47206802898337,17.157230734411797,12.021546562710663,37.884485834375,13.761667216340546,5.64912053517046,29.143626198307565,22.480141843841945,1.4738703997444942,2.434542872207036,26.340167364073274,10.628963843867716,4.835255352218376,18.913907777047548,A,legal entities,0
53.25354654264863,6.3380185760466885,2.6993427358175768,176.0147527656826,37.00786260482115,10.963591817584684,30.384331433344997,0.6521338350948692,1.0922422943734258,9.268544971966874,51.54952203279892,27.81665051729633,37.011799802945596,21.657661055511653,C,individuals,1
12.259037017083502,20.83537794621936,5.571587790301202,13.097272535601789,36.31696842541246,13.006191387986348,24.061507514466793,33.72951893991364,1.335235340846437,10.992269270567643,36.55268924466077,44.31736955014702,33.87421705455695,15.45931065172549,C,legal entities,0
19.521415100855325,7.107122549222594,,5.254492745163052,10.078263842613046,7.058042546575366,34.964129217192685,26.873922399354097,1.2878616687212832,9.934177651702871,63.59998096975363,61.985809244965175,0.6576860481951748,58.51818957345589,C,legal entities,0
44.1955307304911,63.01555002286913,10.05701242293889,53.75731815768626,12.13878884232207,4.695669677058529,12.737532668567734,8.243570813201503,1.2224848643766124,2.001002452891986,5.229011749365898,56.882509453910195,41.98815695670573,48.12459635606212,A,individuals,1
43.98905865574725,40.01998027821473,11.250267463054522,30.391199941858794,59.07600393187617,1.521173761633804,32.69758438023876,48.43360518992713,0.9729320355789358,10.665632162120756,83.67861490742686,63.296420406208405,8.13996153009337,12.40935067912063,B,individuals,1
0.8616315849111238,8.858530098995544,3.3441406588649896,44.117153647376114,28.43853080637322,11.148310161705917,19.660067036141893,41.95514769501197,580.7357156571703,11.411359665690512,75.49639120927388,22.561023613636113,15.250303499482689,,A,individuals,0
43.37547133082778,50.19158736982129,7.719631933582392,14.612521442965624,10.272362448542246,0.7394248978339766,1.8430806145149936,14.13131817579631,0.1684525680416332,8.171884575561,35.65963098233141,32.63877080174407,27.572456779331926,41.51032099356976,C,individuals,1
34.547412648030004,17.527024029804032,10.260273835702021,56.15080034208156,18.88490123938681,0.2510221261478069,36.33325615069829,69.7404627966916,0.08536598573448212,0.07283606850592203,81.29990478386084,,42.448527667603926,13.65054085069451,B,individuals,1
45.89723069921879,4.612226893106704,3.3030091116986147,988.4812602879349,13.819550625294813,1.956541871598414,34.632087228018484,8.895558449838838,0.16329770455577675,4.752663906870453,63.267815388661795,52.13643756525603,40.90096027966465,34.066684286568076,B,legal entities,1
20.96811255725796,24.11013669628899,10.732662928176618,44.287218778985086,54.12112095210488,14.180388087378368,12.124532196529573,39.997584157247886,1.0586805592497677,2.4077256007780075,5.312449006856456,63.654379112938294,24.855267657536746,35.94744074490435,A,individuals,0
29.57544586472838,50.72601223694155,1.843922891208523,37.57104510096689,28.06267199908989,13.193720961546427,20.996977957945724,71.20438709153794,0.5919116196803085,14.208313105656247,87.15071167256043,42.858335477689195,16.41674901139832,23.675706136184697,A,individuals,1
41.18561303776987,39.01277620943208,5.089255289956456,38.917531672068144,43.828298864262514,0.3368529171289479,3.6311994315365395,7.134933010482374,0.3886288767367696,6.274534148929711,80.02973727387493,,0.8111970801225153,30.442197754022338,B,individuals,1
53.11763034074969,23.45081430491736,12.181824891110413,6.200882926932857,10.346860306273467,10.65140490036152,20.253122951303496,57.77707961214672,1.4469805694956843,3.68963912160581,67.99806627405222,44.570278663414996,39.98644936561135,27.08800439502201,C,legal entities,1
2.7645547967951067,38.579719887225494,12.151711692718571,0.8952204232949431,14.361182880172652,4.649169174187497,30.94621689704278,24.411794830057477,0.40060953207910577,9.530422781127193,4.621170346610225,12.514045609239155,18.937918396224568,22.39573584214803,A,individuals,0
18.503006772014857,7.293840445788026,4.572867897962346,48.825826166196045,24.737126556895813,8.622229438663808,6.609959301706935,5.264153993194625,1.4744565923252133,4.8694501785563835,34.88757572716678,64.38234432749485,32.849811379240464,47.62953232922392,B,legal entities,0
36.34895599968881,7.10820930085131,12.140527935814502,55.6262310570995,14.119823709832746,11.8262762874891,16.542997445430025,51.633685459629994,0.27748480963603045,7.913940749844318,12.608810375375612,39.33026881673219,11.305933084095729,28.496405874279542,B,individuals,0
35.60097521524452,58.93087637175321,2.094681120035876,54.65538546192011,23.314113419559032,12.411745583100956,20.711169547898315,65.1084481808834,1.110629701185666,7.4754760368588995,31.12348388143954,71.07383170240156,37.17208534787624,24.007222749272202,C,individuals,1
8.885920217268934,52.37719384541475,12.545405749074833,17.069305733937856,54.744806453105205,1.8441285011410433,38.47699789174649,56.28320286676259,0.5807575273773451,4.47650016545414,64.07511824964908,43.536413415830054,42.650634784908654,48.258100793047575,B,individuals,1
28.79999799552114,62.323397684856474,7.511580562199081,51.9886464365971,50.26651266753887,13.520809582605475,2.731680456192322,44.08630793332502,0.7848398226034975,7.208416521260531,45.799202873781866,61.43194165580744,14.779434959072043,29.144128465736134,A,legal entities,1
10.69584113740969,16.912906933969897,8.369398169575799,7.154818933208793,11.226862400250116,7.767074264490246,1.7687918947471584,9.584710979641864,1.4466363905731068,12.43394767010397,34.63253133179279,,43.46651769600488,1.6274785877616302,B,individuals,0
30.928194007243295,40.138833224928106,9.984766884306163,58.23361673211041,21.26924097256124,394.4918165029472,27.12600353586387,73.0421343080201,1.4926139440748738,9.802202727859767,85.31496416228428,6.2501275494902755,17.50360332869347,0.8245672278937486,C,individuals,1
9.458794169631672,42.36296495617148,,38.717169505119166,39.69819640573621,1.5271540539660515,26.86585557798004,34.30934309027007,1.0915549165993321,4.793044822996533,57.9060199979128,,25.928037252129762,9.263718634798503,C,legal entities,1
21.096402762923244,25.147883362015133,9.332210071552515,43.22223125540214,54.32612613366899,9.297161777697895,12.710302201729963,59.14409119823518,0.8327705214338947,2.843341785064821,74.42935474558728,9.721772904188315,8.26863553751065,47.78655551613478,C,individuals,0
41.046646018760015,53.1328055372053,3.717262423270262,53.02284686844689,43.19677081444687,12.267164500385306,28.633514662333457,43.767398325616675,0.18330215877507292,10.447057193307494,68.75804315595259,22.922627622690307,34.151623486256604,,A,legal entities,1
29.814851716750432,24.699456958588964,1.4799981646182594,13.272941242104226,45.95614926322553,3.9927437380034125,0.09104200537878976,75.2883457960209,0.35301968937516764,9.63071668691667,92.30552329417495,43.991621624603255,37.085430248388285,61.492028303764144,A,individuals,1
45.85506238436624,37.48572534726827,4.609149111931338,29.519973304348188,50.319323965377414,12.552338688524774,34.179525621660005,45.098547326318155,0.7991885545129658,4.575046852029518,0.334683495216155,56.07842693856708,12.85632890461768,20.76316040490806,A,individuals,1
44.9552863589059,3.510769260744233,11.755584210661763,0.08333031396814752,56.13790201931521,6.689226886058363,4.126597588621675,50.9083322551851,1.5010993160318484,6.437387342916394,68.84738176474212,71.84065258528788,11.17165405182219,51.672022651971595,B,legal entities,0
15.735345854182771,28.645737686389722,3.5707738203685273,27.28958564722468,0.3041918641938641,4.4634049405003635,17.99355831032611,47.74271398686401,1.0679643756409125,8.578606128455073,29.180941048830263,69.49636014916615,18.19250637384789,13.660011046647659,C,individuals,0
29.554052014629672,50.3207181907497,0.15503411323839894,16.9083291738266,49.3122326174186,7.457978676975454,16.506301616842006,70.29567984841063,0.15002523751921165,9.045673839521088,34.07612330093118,5.195214241653107,9.920529846312258,39.547322425751695,C,individuals,1
1.507084711949561,39.79335674617948,12.126012466710685,48.6485886705951,20.65772252467187,2.032952263735379,18.792444560506947,29.67309065283979,1.6282382307891434,14.545901594862698,,10.913973189589488,42.264146453548236,49.97740457694741,C,individuals,0
27.249543547691058,24.548276451708347,5.6795339084600975,55.182321235970186,11.036878891598816,11.867305672227744,0.7350518207737652,69.51567854366378,0.8382994001353666,3.332011325939446,0.28445865566888184,41.04524568655049,11.347422362865892,39.757117022271125,A,legal entities,1
14.985568369108307,5.914358129192801,6.400438588953401,34.538511375888824,27.053119728476144,6.737430537017521,23.826735674932962,39.746833091888455,0.22213050685499774,2.896131869772131,14.119954228010346,50.85634365532808,24.53385286339092,27.07233637945986,C,individuals,0
42.54932663199509,21.890230566926334,7.199524948004295,4.552688624907945,44.49601553211316,10.225867320841479,32.42276467622387,66.78993803322012,1.2701541015949038,12.409600232778818,34.421265736192574,,43.82786032070739,57.60003344412871,B,individuals,1
29.2334367501247,24.629183092939073,10.97469899082993,19.78816887364152,9.183384647248598,9.40655684051731,1.722273169195155,28.627338698856388,1.3533235533214192,4.338139524959453,92.74303795092673,70.11403067658354,37.864504746573495,62.20191569440605,B,legal entities,1
28.28830318819937,38.244670566611575,10.596608415890433,30.152683830520097,24.311284871345745,9.042659633663336,26.574876503306886,56.702824928060075,1.119638795716189,10.958223979085322,67.1745660446181,35.242815306136904,6.262722630442019,49.467325470123136,A,individuals,1
1.6404461934150627,66.6863473523547,10.498922040897975,41.05020229269071,57.777960745290855,9.009073505957042,2.2803545174480067,42.240945500769065,0.46448404179922737,5.4293940885320495,45.76679386139187,56.820442484134496,23.342467669351283,29.895431745369795,A,individuals,1
16.0943047986129,36.27416072294027,3.1478176010705043,15.96911539658869,45.26439195163762,5.038666493155469,2.0769713478394904,25.952299121647172,1.0699932231817466,11.961345948602057,95.7923841634295,54.738618232138904,19.90430172222637,18.838574442711142,A,individuals,1
6.90893069954373,42.1744198749152,6.461669751462044,41.46570945986661,,4.76061318982591,11.803064826200393,60.23353899905064,0.2869131153116437,8.941369000792205,5.114078185681289,40.310314914539894,2.966441141227858,11.076732523213535,C,legal entities,0
6.02394537061702,23.296569518603388,4.356053322337903,50.56512484509739,13.490243485002592,1.270697583450885,24.386861353945157,51.911857197501064,0.49400720433919065,8.858225878338112,77.28191505020969,25.494568494844014,24.383262441706336,9.234984281844488,C,individuals,0
1.2603110564491968,65.93837742883427,3.798441166632879,17.064845101236035,58.17476220670134,10.71188193733301,23.650869231082655,52.80840683132762,1.1895547691599964,11.217059231276714,6.690894309702793,30.283038136453875,13.697891682190562,4.444485798880559,C,individuals,1
,41.40086174163591,2.2620725712751484,18.6633053529332,38.205801711293354,8.521521095419045,35.10610887675867,59.74867598597262,1.6179803465409424,8.77562931994347,69.55536220125755,63.12199751181332,38.98659279588169,45.26519050489339,B,legal entities,0
26.662313852102635,18.356844093865718,11.116815055255135,,50.085056703650984,2.0709271199674064,12.721040632001055,32.08458646654245,1.4047447069447432,13.120780711649134,28.370424849380573,50.352661290208,3.6115929228813983,25.7949825040913,B,legal entities,0
25.93815778766934,51.443074174547235,11.303821604725375,20.63694461798261,31.54506853736157,9.523578209773579,13.281679004689186,74.42150981116093,1.467449788187235,4.3555768483445405,50.58272694601635,16.93319539022757,23.87968475400061,43.03636756975862,C,legal entities,1
4.558044806430056,58.46340835501966,7.5244464998841645,60.54964505368349,1.529706954605597,12.230846119284967,32.001848761194495,10.032167597420802,0.5618389789191006,13.00189297186698,51.62914978234844,29.435798745197747,42.02683119326231,5.878851332667456,B,individuals,1
25.216175015810663,43.8331906086359,7.7119484011077875,16.169966290028235,33.671469964004594,10.422522057373369,23.634201607197475,51.68618688248129,0.4290861900525466,12.23853908494324,44.78136005665896,72.41730131867851,1.0807422382855636,23.952315785191647,B,legal entities,1
9.618836102114825,37.331553132301885,3.0820992925833943,45.12317815943202,52.71265695666094,3.101983394460112,6.492702975897415,66.10134697482057,0.6053481440447129,6.3861145534099055,22.00477003936938,31.198755114054457,10.735336750112499,41.940204246196906,A,individuals,0
26.588774379433154,,3.9631534355166975,30.935235508078183,15.51274913861057,13.7455556324726,,13.098772527569665,0.45704683554345077,1.2182268199050734,2.7699957676315106,38.57872718134559,15.64689561630207,60.698588305936575,C,individuals,0
9.131503771288388,53.343204063477515,4.004255589166482,13.677313800864582,57.95907880715943,11.805424346582866,25.482292940511915,52.64209892402425,1.6611613324387329,8.717057343966315,10.147536027005367,4.758221623962266,30.939238975839714,41.41581290371264,B,legal entities,1
39.87565593491186,7.308872058607837,11.974595516118153,33.72306849406826,38.82653679680801,0.5126578271925841,38.831295909718584,42.48331950126317,0.9439726716398739,13.865345706112882,92.54732771190533,16.159890787666118,,46.392512822831634,B,individuals,0
1.0073580591311355,16.115125489271335,5.233631382133718,35.66045821100005,41.921288798690924,3.092069849285084,33.80961191966383,63.862984136923444,1.0640056441027366,13.535280102197321,80.95909685316121,16.257090436227866,37.069011696658784,60.032801520737806,C,legal entities,0
7.334054449957632,65.75897336429007,0.31672971918277937,31.949220616850926,46.25869454562603,11.626874288197712,29.68684018608449,39.97321245822036,1.0907574814059389,10.285355355409886,49.24761916887441,43.69616738183778,39.28250409735214,19.705164933148744,C,legal entities,1
27.885493548396973,0.5697547299512604,8.711771630051881,11.95481596516076,28.7513727037022,3.0919936887446453,0.950956457362345,36.48970942824082,0.7118522767722208,6.247482135283692,20.793509879095954,69.48170933659452,0.16277753491619557,56.14965833521873,A,legal entities,0
39.274895513141054,11.561566082540029,5.984013577914736,60.50358333906296,38.47642345494798,1.873635836014702,18.492526572920045,35.35568776474832,1.3442744905231272,13.46282042849447,8.189846235517866,23.036044935878504,13.851417116086008,62.73125155852132,A,legal entities,1
29.805305002593343,59.11611419367796,5.399046213538715,44.22039415230751,17.130372425847423,13.411830020206606,18.391667642043426,,0.4286474233923961,10.192369030815424,40.346823519769515,2.3062228292289895,19.168963613705138,34.64044066585178,C,individuals,1
8.08848686939498,12.35717086308748,5.891131949971152,20.970191646603233,26.34482836775642,6.778490885249794,5.660229193169703,13.682649420325006,1.4211881005474294,2.391116706489491,66.3136387679163,30.700911302027684,44.93879634094163,4.163262046262782,B,individuals,0
44.25749875870622,33.020605643669576,0.06782974055970067,16.13226142983477,24.36967485483047,4.621617921244069,14.64595217733165,69.22116927334272,0.6047819869356389,6.154609101770676,75.79563976469593,58.2312561340363,3.902855356320855,44.342430198169865,A,individuals,1
25.719790467476173,8.993678986034517,3.3546346715365645,2.755532932095231,21.532820543179657,3.7568768061582616,15.440133426734928,43.82358712685195,1.2271100246674258,8.895519343860842,67.55473660883277,63.49851597025151,40.55683829324018,54.20822610111912,C,legal entities,0
8.163492267316121,16.869402422490293,6.36588830900734,21.949750703755917,7.870381940380374,4.23263477985429,39.41537900908468,26.197678175042146,0.701933483246422,0.09406753958706802,71.64137502065051,30.33575402964724,4.787042619022271,60.99984014751411,A,legal entities,0
41.43510450161413,48.79021926125781,12.138963014752655,24.931994964278935,42.94962946053427,3.0331955056454465,28.169428330087186,1.0631625272016585,0.21163761820194638,,1.2042248609872392,33.88726959227551,24.264348046706335,39.14887129258149,B,individuals,1
5.350340562334843,12.162238990118079,7.772042143726203,40.271741751782784,1.5481604437308314,7.948482453613638,31.719745918818383,5.218054039227158,0.6923135087468489,4.798014064074234,90.98541543706999,13.629439741467838,14.77607074451052,56.58417690818227,B,legal entities,0
17.622934122974186,35.701377039465406,0.4186515491042043,60.26204350114514,49.310370972153166,9.331660517278566,2.4550148711555813,5.653698142176089,0.9131592082701278,4.188961567478175,62.0191403053691,43.88010425723649,38.92435076509898,17.721167016701312,C,individuals,1
30.798575539805327,52.23124988035407,6.219487621584941,50.82359717262933,7.846904700210847,10.795199558659634,38.10426552587069,25.061694715962783,0.6138342789687874,1.227744826358953,63.88167118249469,40.52474107157541,1.8725688265766587,47.37441967788358,A,legal entities,1
44.19863878532558,60.94960949021966,6.916000856220863,27.69147150952166,52.37022913146682,5.864593039577438,26.48531621715176,46.46820142535877,0.6235940898023687,1.276829245739384,2.1326201059717627,31.413160933637624,22.334022128351016,51.81239350030867,B,legal entities,1
22.087029139996794,18.891207389962894,5.856074688845995,14.561637942402227,5.460989883754477,1.6627957807081504,12.896476394438324,0.9572415570384234,0.36897318982677396,11.572485908102154,23.363845732651225,8.122506778684734,44.04970253118331,39.20325582630881,B,individuals,0
3.1992220648834304,4.182188802523094,7.7573258711999635,33.04821286935317,4.087034180104967,3.299547200483939,37.54100763609261,43.19457893692588,0.737810362256468,3.6759808427427427,13.314030411587312,29.534841730992216,42.809824872494076,3.0678505782669636,A,individuals,0
52.81651225182834,13.962992405406453,5.180243430187211,2.7565003321643524,34.95477598496288,7.1128103062116885,26.94047120080941,40.97956328294345,0.667187713378962,10.841178557528766,2.4916749007857835,39.68690774721113,5.285339427958697,27.459866386117348,C,individuals,1
42.164856925631824,9.57197574897672,11.85937499118782,54.36387042741232,24.800538952946486,0.08788635288289803,31.91221428685835,66.51958777440154,0.2927915940417374,13.463250632978326,91.02840056230525,34.5712998849168,37.039211956228826,28.022886502301205,A,legal entities,1
30.062152727396203,21.490068849420208,2.020929527269709,45.67743812647274,0.08325589918692669,,34.94045776891831,16.709438100613255,0.5578071804358076,8.632980289867264,24.584039627225415,62.166965959588886,17.015163031461363,36.630114203442716,A,individuals,1
12.05165052010521,2.780759082172595,2.201275710860835,2.826718957768536,28.01033316267684,8.629087053102081,,6.832635658270233,0.8135469755375309,11.74377998909908,62.53893597006584,7.680964763654829,41.19352433769461,57.78114533943756,A,individuals,0
17.319327117095344,41.39040065147855,6.239183291830478,57.63847792350695,30.409938789837522,14.120526074139319,,26.092714477449178,1.3092240807993438,11.514993939550479,72.91288794120749,63.05636034360629,32.60729514128311,40.06073221991183,A,legal entities,1
24.45947197450117,31.38375074647051,5.147219691690922,37.948155148062646,24.307932888439954,2.169553621699886,4.304676429046552,69.81020277298066,0.04145257668336192,1.5498190942897931,44.34472293971987,19.286822141415946,18.836676346447593,7.396852677429168,A,legal entities,1
6.976988531556326,53.79641962238934,9.620063795173785,6.378794993963476,39.91650948616237,8.96260711143417,28.825746369607284,35.82733102968497,0.45239061808568565,9.752624952438179,36.980826234764265,16.061178325345345,18.965709823462,48.07084202684234,B,legal entities,1
25.358500898206582,20.14796028319935,10.542138008557389,53.94407849528792,25.897114221115213,5.511437897859048,24.758098350495167,4.377857447252177,1.1583828543168007,11.49555082101238,39.578394830900265,12.808856573427121,1.3375480500774233,40.133817840614974,C,legal entities,0
14.336626907282806,31.168865773111833,4.896221779618948,10.700466151757917,30.387232766957172,6.760347325569114,25.220719420888383,19.020735412491092,0.3596497906483904,11.966628329432005,69.92629617659843,56.6448102183928,5.722253475475066,14.110048373185977,C,legal entities,0
30.674285754495294,57.59558839639767,1005.0876760929863,50.90107658697365,2.594069168873826,,36.33071006149524,4.285326447128047,0.6975213292941397,7.885375148648027,23.177942545205358,37.90121264161366,41.11989072422846,54.60016146988152,B,individuals,1
50.09080565766871,32.5274671915898,5.203049281955382,40.736760352504426,24.911450027005472,0.61698005599708,29.09077321609257,21.218100793485362,1018.8297634445059,0.3030223559335289,92.74759779963826,18.490906983463233,20.788357728780866,59.86743923367474,C,legal entities,1
24.91740069561039,5.28178153062557,6.9945973177557415,5.396505172464329,5.683783586037645,12.524721245714899,11.695020972756481,51.24881032623203,0.8527549166807525,,51.566014620017754,5.060985619553409,16.115176476344566,32.928299281056034,C,individuals,0
12.17280547442554,44.35821752826832,0.6566042032090728,29.66348145987657,42.73816342619929,6.324250769406597,35.34051525928777,47.73913445742624,1.6060531792902224,4.1751099156657165,93.48730531784976,44.51316142854293,34.58600905602123,56.81823454481208,A,legal entities,1
29.3773313459223,57.93015864658407,6.8648387427861355,36.66246575868175,26.605325579616814,2.14225646297327,22.366102561857584,73.81060631264448,1.3190108658675772,10.984332055176907,64.06251592110448,25.520663211046653,7.872354757307817,14.142291580200215,C,legal entities,1
0.3369504114665022,45.25133010651391,10.288794547399954,16.45355615809364,,4.938345456951509,11.801282010469581,34.04728407148508,0.4425300770541589,4.9923002141526664,90.37688005300086,24.56167644972752,36.45827103605115,39.415094813589135,A,legal entities,0
17.989866941741212,54.94741317602556,7.541303926464747,0.5273437433117993,4.10816005864118,11.070880204139124,18.043411017054122,30.621341413592287,0.2443484024562846,2.3117634480478415,535.2870374345616,60.812128826656384,25.991413555014603,18.587191136313052,C,legal entities,1
49.710451241035294,41.924200396667665,10.09571826251552,0.2008681042434444,26.917407346830966,12.81114296671979,13.667418448211237,54.86447386323936,1.102001617477028,2.2368166826233913,77.1671218552777,8.254345282651585,33.784697288956714,62.41132578415628,B,individuals,1
51.057840204353205,53.76845733953403,6.773853892061427,41.289681546207554,43.521956622452024,0.12358142439952309,4.136440871087978,45.086067147761945,0.010949292160522987,13.356176204445285,48.76200236783729,18.908372296317285,18.278432940778764,53.58201847953182,C,individuals,1
49.41689266119863,7.8098595123038415,9.85897078244905,247.71202211510837,34.99784641865935,11.465277047953812,9.004766042402306,40.10110188120795,0.5351080584595461,1.3888389096573315,10.464109344357833,10.01079508835071,28.539363856408063,6.665200837996666,B,individuals,1
30.38500531247917,39.52783710580616,11.454936014356548,38.3253531613349,58.91253531385551,,28.45332016482386,1.9996052535375914,1.222146933193279,5.66998717442834,60.87576182229949,22.706007325375786,7.384546624710963,45.56692055585976,A,legal entities,1
48.213839316362616,12.33495362871815,11.667921989864825,8.577154500473977,43.97345912465196,14.112867540965347,5.955000905864442,32.85520312708943,0.5654446197114811,5.708598333115991,74.99979220589593,48.50117675275642,44.959695129218154,11.681525312792807,A,individuals,1
28.954346852903388,30.1769061656061,11.644516619193197,0.649746234724111,59.1266792764933,7.056606389515128,25.276968703300348,27.18885422832058,1.4284958661189047,8.258293931154986,66.00459371302652,47.60007373339094,16.893513222155683,4.785923646525542,A,individuals,1
43.04857490398053,19.466090311332593,10.758357111649698,37.240309420761996,21.14230315933197,8.7410220673565,26.083236538540554,53.36418767012227,1.3779118794193956,2.347565070124213,94.02057678119677,30.137003625488486,39.936103723971996,13.885836050002125,A,individuals,1
1.547166338414138,38.52314006095929,4.114443867354351,60.2350953641611,6.243601619588225,0.6957970203140921,1.8190917165534477,16.37690717734761,0.9704941145315675,7.429146793361761,34.86154196178321,6.51337308476821,10.848446307078484,11.597608143394266,B,individuals,0
39.74204191535929,52.40480665420962,9.84697440714899,59.291520963890314,52.854445924031964,7.322411706707708,16.766842614655655,69.15295096064563,1.0241705941353416,4.326126114191742,56.21092950843927,72.77861462281287,39.42647762069139,17.715036236703067,C,individuals,1
50.78991427682803,65.94470249682374,2.929541932161961,54.79752026404676,52.792566159490036,0.5847514144496901,27.06097502983269,23.05283679141841,1.130382640720746,13.424551692823103,49.66985276723208,30.39904173381129,42.77105662054917,61.349895073124515,A,legal entities,1
,62.00640927241917,1.0489123974684986,20.637126802320306,45.582111561896205,11.429751775870036,29.329199669443728,2.9535236432904,0.22279824982416954,13.757503328415117,8.112156197651654,5.761695658752341,38.784858241999714,40.387007690577335,A,legal entities,0
18.742324339501696,11.134132069625679,11.20495042545653,60.4844735526138,2.9870104870099823,8.150678230486538,10.558823196794046,62.85650223565777,0.5798809568642266,10.501326181774195,53.72727317686364,39.72317132558934,39.822351556373164,29.626137170144084,A,legal entities,0
45.06818656137368,24.418746046328856,2.2149962964892826,27.868747743916046,29.78872237605841,7.0367322660728675,32.663225445993916,42.64092332521983,1.488679156792364,7.555847040914314,22.377765567263655,9.499101282677191,40.30334785486475,3.537770806975183,B,legal entities,1
6.2682767875141225,4.277232959187536,5.3699157607743695,32.58851259333853,1.1879923276804312,7.583965813226491,15.911135091848857,58.4207103964737,1.390677436104086,10.065451531625671,,15.85546989189889,39.317165989192006,21.518370686810496,B,individuals,0
18.98940171324914,61.54706152830459,12.36358810274523,54.95286109105465,59.66849017811657,12.781132214403218,28.461861702218396,22.18735208398885,1.5967772661335797,12.881845787418976,23.97424869151767,35.88226361233555,3.2514953327026004,60.039526824515534,B,individuals,1
30.52701522158837,16.47509044330103,3.705529771048235,60.002244706188584,36.79773349597302,6.187998507909999,20.19788537771385,7.441867885264703,0.12570832847635385,8.709714864818064,50.98681472560676,,26.275062684901613,4.577141558063064,C,individuals,0
50.31219685972234,19.734567075218806,0.9096411426843132,10.371254524621033,5.706858511436882,2.6271660143994082,16.840306201873616,55.732858563910874,0.4563475869004753,6.405849462929726,92.48828601400012,21.699852734832856,36.885350098380776,9.939328914127831,C,individuals,1
9.504070666740008,30.649033908329017,2.966740406540243,55.25249513757303,3.0336678467915945,8.785524154229783,24.41585853691221,4.9858535640685675,1.2274864702865897,6.8903501931217495,72.0056982044844,60.65866037577283,14.98673663991575,30.512989321122795,A,legal entities,0
13.89784998210044,13.539743659648842,0.007537273621894838,58.96056499316974,26.356061776324527,0.19224858700673428,0.3611923663652329,21.7745321517193,0.02335401006024709,5.503413055393761,6.267594557038304,,31.068017333599556,57.11299246341189,B,individuals,0
21.819206571178192,56.22282963070829,0.3708765118425063,47.58358824381493,3.753807232568108,12.332945160894688,35.65488867542203,59.351691532879634,1.375249162482407,8.250896886413845,26.37799417551856,47.18388196900252,20.400458831430374,0.33609736025281495,C,individuals,1
25.413530905744537,43.75349129809335,0.17594540041728277,38.018429266816604,39.004447268784816,2.325668423970572,17.418957751422536,72.82019830277142,1.4815497293826472,6.036933874914516,34.83868403500737,9.10187503653531,1.6332319633094359,,C,individuals,1
50.114579769404905,64.40949489367756,10.296927748369464,21.465496882838117,8.585127523085788,8.759943166929387,26.124142419984903,32.061066356227926,1.158925137934745,10.972332304178078,77.97950234337033,36.84582164339095,36.74244551301478,1.604508923955206,B,individuals,1
36.26372733091086,15.83230877086576,3.4282604226995668,5.586367962121557,11.500056669640381,14.591851001130724,16.78519239563377,70.05887828397404,0.2729548656809142,2.998601503713278,55.5486365306296,25.6397811749396,29.886054554934542,26.580552935716206,C,legal entities,1
43.25595537111458,28.996569735426068,7.253289717664122,19.64512060912723,42.08335149283587,9.630750738488679,16.042120951064792,20.844169786035433,1.0289948596090979,13.859413904683251,13.208968698192866,58.61879176143984,25.201892312717778,33.099823815894055,B,individuals,1
,40.70889014326657,10.525019699831303,31.478702065660027,14.934737129605992,10.215538768448008,37.30397237719238,63.52428853292271,,4.656618547660736,51.472444128308574,41.9296680414003,8.995499906026952,14.486209654004968,B,legal entities,0
40.44366015699856,49.070223099020275,10.635159187595074,57.0820566229616,18.426002533676645,12.64413047222765,26.912377622373956,72.32466488431902,0.455888151037032,3.9627656513629006,70.1355400059246,68.10309857539862,38.27013251899916,45.78905401447265,B,legal entities,1
20.642541167724858,48.22697972265734,10.152156211070665,46.09038696322567,40.4556939533347,0.6932726758590722,26.657932540630277,36.117737414775576,1.6112079284115615,8.92252684867697,60.5689959796798,72.91841101796322,4.343692700252465,17.402438654011434,A,individuals,1
34.96727394067525,21.180808588800765,4.386705503878365,54.61719477722001,34.63030485375149,1.5130915323962517,12.561416187351893,5.743439612191677,0.931852737507882,2.5461394804342055,85.35395864586111,42.348575815974264,2.7558033268301525,18.94919178146009,C,legal entities,1
32.84914412813944,22.542221979546568,6.503405906514355,55.64005951015148,20.923052840350696,4.940490009494228,33.124947577366804,24.070443317688596,0.13062720064089187,2.658947812729057,94.48422113093905,68.46121655413832,10.43420984647264,34.859626127291186,A,legal entities,1
7.321351215867171,45.331770807132685,2.348350737736055,3.046466859900091,49.30738820956894,4.786446062090769,4.385201498460945,62.97106518151742,1.2774751614552375,10.047685738861867,90.74473213299984,35.88692995761569,5.943489798080037,3.8636055578697923,B,individuals,1
16.97205193084639,5.834186764820407,6.7864255537755565,0.8871340050454889,26.525511057220374,2.625044704802225,14.881070864848983,50.97423351715638,0.5880757915555869,5.015917411418616,98.66176916446106,52.72828718514834,,36.489160312978015,C,individuals,0
33.05407040898129,1.651227645917193,1.0171803280458012,39.72116982862464,21.78576442105629,0.8155488503524491,12.021992598745612,9.838166315129799,1.5353778154006072,2.981945702493,14.309177150569523,45.932294052921755,24.22351299272471,36.27230728211368,C,legal entities,0
23.234866711278592,31.38923129557912,9.869576959825993,13.456114821180059,23.702145650589713,14.089041639981126,7.676991609072079,22.18389322039139,0.32099002782563096,0.30117698192751535,26.87042955984143,3.4085957869150216,7.179405091017661,22.841767986889746,A,individuals,1
1.1043852780587844,,10.08237242250912,25.17268264112689,58.85743195690793,9.987596580288049,30.052501757179645,14.521291691438659,1.4032126206216398,13.887256837505424,23.532436901558867,50.35523802221589,34.66779574764357,19.219597533248578,A,individuals,0
25.316705463797607,6.553677857515102,2.1936027870119483,3.7672417471370037,33.483336415592554,9.197245274865374,37.01879831493323,40.942311179729984,0.43668107884052665,0.8739511819497108,,35.12638999628572,34.22134608343617,0.9226180431724401,C,legal entities,0
26.01649497922861,21.88539040883478,0.38438337036895814,47.46016125616386,30.658187413924075,4.900883178695651,32.560914642214605,33.74878580261736,0.005861184628707798,13.87845809808755,25.461612777755295,60.92644359064802,37.89231001725372,10.22633312578572,A,legal entities,0
25.26307123524132,2.7009801466143917,4.493176686977946,44.72552533084426,14.170592361632687,1.722882186461748,20.491980296340653,40.549759450133706,1.132420684200595,11.155368548003112,69.29068743589441,62.01478113822055,10.345763950700022,35.88399013299999,A,legal entities,0
19.19211647221169,64.6445873039096,5.579592035893689,58.72086479119158,45.97013642427623,10.568176025392146,19.863234275998124,33.481066210803874,0.8822854884423769,4.314875723971804,90.07366629499128,58.267719881897825,37.19520816330366,27.28007460666194,B,individuals,1
3.7888502211199158,45.89614819169229,4.744883511852564,53.25797503084349,46.64395592666782,2.1376905187251696,24.314285683359373,52.271545426838365,0.9519727804594973,7.5537410020538145,22.691251555180386,17.30482619276969,35.64558318308298,1.177085333961797,C,legal entities,0
41.51381665088316,35.39574839462905,11.864600048973838,61.021916776767064,39.65913158711472,6.0640580944761915,19.19739491361644,15.421036190580628,0.16627728684378437,8.504805592359933,80.21348739346308,19.201749332474318,19.477357599431958,34.93972355783841,B,individuals,1
48.38851805952366,9.314669367283319,,56.2010205372304,2.3632008546258443,9.65107067986858,25.84212816332331,28.940910876400263,0.7844579323992533,12.562838387681339,16.42938199353651,16.986514203718265,23.779733951969693,25.805824600349926,B,legal entities,1
30.612513169461568,61.87143188121409,11.622287301903123,14.073856135231024,18.06039445294724,2.3839338936527024,37.49039455201696,30.044141234962932,0.7535270898541928,11.794636426579778,51.08335395003916,8.784602288921512,20.321884376942958,39.71049328146033,C,legal entities,1
38.331914854308884,43.36136407079989,1.5103582076753623,18.621563254390622,43.84809882875497,12.947074168468486,1.9067209281209228,3.188870749541778,1.078090273388526,8.053422263294397,15.469103414620452,40.21964919035919,45.22890828346807,39.734184969471194,C,legal entities,1
23.938018643445925,55.60212980752734,2.6970653479267916,25.350894140471315,31.546802095302912,7.421481681308122,37.21489498515869,22.1004138893049,0.09467777883292282,13.46596910560149,21.61621321265568,27.803403618736024,24.64028779227394,61.46108983839045,B,legal entities,1
28.52837189904556,30.083992851018863,7.396357175324682,59.39967393257228,48.89182684713111,2.4854207727097917,32.45833952674159,63.51439355127166,1.157328805455175,9.65790660518472,43.9037827031438,47.07123767455656,34.233087777016216,7.7352365670637235,C,individuals,1
13.714996502583679,13.040413500189558,10.660543168795181,41.6065025800141,26.94483995226533,12.150788701902446,28.963886746789193,68.98867600745682,0.1286979989189924,7.481959978872878,70.37996158757636,15.220556837389116,15.182918938481222,26.387183471408246,B,legal entities,0
42.33542440502428,33.16351732536726,6.246063157057546,26.364203660756836,13.663686012488437,13.577833190240469,12.841790310555254,42.851358451613926,0.24929570500332807,6.3811147565813044,90.00331862157802,73.02184459987163,16.78999902737883,9.698346351752932,B,individuals,1
16.759422751494583,21.987462183633856,8.167756946200024,30.357746124574692,45.93391781115517,,10.154948255666085,,1.4200092696380024,8.793217212990553,92.37978268145694,57.43276001643649,27.634126850305986,57.07046246973511,A,individuals,0
31.997496330881805,35.018971628408515,4.5148050117371525,54.01869919265092,7.335894872189251,6.964943258165636,21.715937639790404,,1.092308265670718,7.432559666916248,25.574679846136082,62.86071889286123,30.517741400203644,54.04878969145754,B,individuals,1
14.712377488645632,42.804023626143625,9.050609733939899,23.458951469731208,48.551086278152184,0.03690258555959496,24.0396719434868,46.332746235245295,0.8945088507720228,9.258429190619442,16.65292491729197,50.23179616383043,15.584982508012574,28.470408541561707,C,legal entities,1
17.75383542176749,31.84390062204934,7.877047469986382,51.2947159600997,28.896850918648386,4.7544302310215,19.71688230661532,52.01402437607432,0.5809326068358132,6.0877874217638475,56.049185997704676,21.566899519510418,9.70425214148248,8.841925862385066,B,individuals,0
18.79316610433881,3.24817284906193,7.394380810311035,10.763155289949696,22.558399270148822,3.9601074645416205,25.47296165888673,64.2126374622459,1.061160845842824,7.971995127300125,66.62925724161904,2.1999479291240487,5.701592679294346,5.978530726051858,B,individuals,0
5.233645487094333,17.501970685364796,,,55.895645518879,12.56560940357679,39.2624576734513,3.2093301713196163,1.4266121158473704,11.810702160315437,89.83426166158864,38.72707501664602,36.56831744129133,3.230054903177529,C,legal entities,0
4.044082611503372,7.964213059557063,11.59297306537211,3.7426955791673406,5.986338592661941,13.685783558456306,4.339547368333969,65.67840399657692,1.3225041492227922,0.5919352974019209,2.1756257727827726,39.199787182213086,46.28192985808438,55.348847581905076,C,legal entities,0
16.52352384995573,25.95622104772221,4.9158706961856495,,20.390871827275003,2.1740068542237823,30.189310411076285,34.58639489697131,0.12865062559412715,11.609650902402956,58.286956445351834,35.897437137219505,31.2518952178445,31.82812802657392,A,legal entities,0
34.559054280067876,58.286788022112844,7.774969536782072,40.358184156229626,36.69263749746084,,6.949105894857543,25.34821756230752,1.1613751567381,6.252281352915098,40.44347936974691,55.69581089359902,0.2584676836193011,42.76316824609333,C,legal entities,1
26.074460492508493,25.31477888105388,4.315566054785663,10.577525485086028,19.979586610002006,5.757532885428453,17.676549671143242,50.76782199672406,0.7600047591103775,11.701229348712175,63.706924992307435,13.907797017725382,12.864446207006543,4.991124952789703,B,individuals,1
50.404432316954825,59.56756460519151,1.0746090132248125,35.12530030316173,57.407065836490666,10.990025994513498,19.87327500323225,18.20654766559174,0.46755523600207405,10.81886094846339,77.73190053925131,38.782029023476596,5.613595460615461,58.81516204177387,C,legal entities,1
45.023587388879484,9.442838255124489,0.7188996012717593,32.78749287506412,16.984343055805482,4.166434731477279,3.524472797134885,,1.391029041048328,1.672775239060263,87.29419257248009,50.097892982880666,,54.871482945626134,C,legal entities,1
31.872978210739074,57.02235445269928,5.946957409832787,30.63273442422857,17.394835775394217,5.702728875510284,22.94187322267186,71.51582390903638,,2.1656913414899663,0.6967000009524166,62.42377989442134,16.909446047360618,19.836599354593233,A,legal entities,1
42.67682061908461,,9.479855854040018,10.636986922188978,23.394249183955765,11.170300970253862,36.6472941164072,75.40785680679767,0.8571727631417624,12.086828150925568,4.643711301909461,20.966528666166365,17.24306196293662,61.438629528758895,B,legal entities,0
0.18087234523579485,20.6959959809295,11.790965869977187,18.764353160552222,13.45314262112603,10.73916770254233,30.11784777356354,35.65583805511867,1.5866573320711113,2.978737638989592,90.96054050343834,55.419909429003184,17.08966400514479,50.81921881306851,A,legal entities,0
7.099318642683115,8.800748846944572,11.78494555657952,5.79922119902824,0.24385445174246617,5.722407112413621,4.196437175704486,65.17096748842584,1.5460676087925052,7.089153337896766,42.3696625038842,39.54095109652573,10.498377438719825,18.76593202776251,A,individuals,0
5.381812281172799,29.997101358960784,7.75187017338536,56.91648338835255,44.17736548487616,10.635837398647965,12.445702138835538,,1.5867213850192892,13.69940657617497,3.8641154822658312,44.33183253496021,29.854024792111648,18.583245456339554,B,individuals,0
52.89290687889585,19.564963454021807,2.745084925809775,29.62283894961629,19.31581400727643,,17.782734977212765,30.971857507993427,1.0486961844134375,1.1919629293466003,75.35761402262703,56.36550347103129,22.00097430292932,60.18999127751284,C,legal entities,1
30.87722033108634,46.71312382200715,11.714075894654615,40.77087292848767,25.811971165167023,0.36436925817430277,29.429308101051024,72.86047805042537,0.7879271745422397,4.992828233802335,51.70932704584323,53.434139512350164,0.032047011414730604,55.87671958007648,B,legal entities,1
47.240762450833984,,1.550886545483455,41.10497500295813,8.239587736720468,7.465716677916983,3.783424251242999,44.482427233676844,0.5329577738988049,12.211242993340392,79.66090504095027,73.24254162909217,11.951502037538162,3.8922415501385244,A,individuals,0
23.61088552541056,5.603892445042675,2.2620983616625123,36.54628700255656,35.3940341421465,0.6373214236067485,17.897010348829504,40.03870689721479,0.4491020977470103,12.814490024462112,16.042660439165118,18.624837343924412,7.286586168501538,7.340123458620311,A,legal entities,0
46.847232346782064,18.669431822428212,9.156431426783485,26.18644307516179,38.008706413602226,13.652919710509918,34.12913428625732,5.209408840479594,1.4162235277763473,6.63945094660295,34.86850499755522,49.32267316270197,44.102024545788915,5.928666930895673,B,individuals,1
,13.673759167149866,4.817404332207959,53.46556032784492,32.624604696464026,0.9922471640680054,20.529357904580344,59.628679786090636,0.8861936642563142,2.4524020513384137,223.68925780381403,67.80488279288541,30.549240170560893,45.968355246573275,A,individuals,0
41.88830730490236,6.093715495379021,7.369719875949291,23.000671835528355,8.318100938366491,2.981737018780735,31.565335520966276,12.194619014327372,0.5234894165530973,4.186153423682956,4.842749623986463,33.901397211385415,35.549123150835534,1.3951759386804192,C,individuals,0
5.998690353008727,48.38953615505666,7.522357030208788,43.76299747951059,13.754235599571583,11.8229606721542,19.390754561552825,,0.15441250133223883,3.0128957307061723,77.01317220152215,16.424689446262878,4.294589468364419,37.61194704681262,C,individuals,1
29.203546285240467,40.844556124550465,7.835686739413427,30.604974775681324,29.51484619224243,13.593925715989856,21.57323154612093,46.61454264915613,0.4473345952930577,12.800530253615573,2.426643809816921,40.87508480384244,17.81565446886919,38.033971513204534,B,legal entities,1
19.196203968716294,48.22164327103929,0.25765712748330327,24.834670031636023,49.6879569162984,3.6803037240580196,2.1315712086160903,37.494305946514956,1.6362819616981108,0.9427964851552857,6.976424328591993,43.65447194255127,11.606399740184674,25.836421022881392,B,legal entities,1
44.26380313678909,13.360696421116948,9.115573144697622,30.86734972886605,54.09294818838062,14.311692247837552,19.59642151460811,44.14878719506765,1.2497356670375621,4.682849080122589,22.579447465538763,659.5447377156343,20.078990232129037,0.10019047860270708,C,legal entities,1
44.64813784695652,40.291595826100746,2.13611572675794,1.844121239462051,17.42307311416908,13.648667211208858,37.72075390288719,,1.400688107542227,6.49282352630295,65.16150677806277,24.532959852799156,23.94785051767366,18.502271028089176,B,legal entities,1
3.2572315535238316,9.364857711212332,3.6836714136083586,59.73286879724164,57.72209466619161,12.174435423871852,9.395164963363312,33.3469545834435,0.7369012479086388,5.686489945132503,4.4693081256719935,39.2099827748734,3.379425023542194,50.504951749881414,C,legal entities,0
36.8448160469486,,8.201055948104406,14.258555681088042,15.855059458509368,4.620717168410265,32.205851950115424,15.910055974322256,0.9429976627948459,,28.384835562161587,17.273610084430334,29.936619808296836,33.17346330077817,C,individuals,0
38.44330934633256,14.77805854287547,0.11593793116059244,41.63752228760415,6.865281413907767,3.623003334073312,12.352245525868597,56.39369280205205,1.0487459172170592,2.7077415973083316,59.53936464780382,51.94583482397265,18.049896731858983,15.490149256279128,C,individuals,1
36.18796019399661,41.04594357753346,0.9873683325796895,40.79132714618886,29.200674740336478,11.081609207848244,7.706564018102153,19.498843800647688,0.9103762139051422,7.078972252666383,38.47535993545677,54.724893090317146,26.2118300916306,44.73302165514524,C,legal entities,1
8.16807833301629,48.98091906430369,5.848871953718408,2.0661181599583425,14.016499983668677,0.37886120104862986,18.461504470220028,263.4414338251745,1.654573005722895,12.762484214384928,82.22264705828316,,37.45937464280423,16.807488081643744,B,individuals,1
29.881112503220486,26.400269920036116,2.171388661303424,4.442910890630096,33.366949992245814,1.436213592441422,29.013255808911005,69.58337537144645,0.2716254116464094,6.920342755819299,73.56927019991905,21.040976965074275,42.735469359241904,55.95568635710448,C,individuals,1
,1.840997997798498,12.37450229971169,58.5226895918381,25.241703026067448,0.7437564194840117,25.007684240607887,22.156444969691357,1.569575430366222,11.677388830134944,64.6883922025066,20.8696345562823,32.54799815839752,18.211858273703445,C,individuals,0
2.0056304973733243,34.161856303535636,6.193021135798541,46.68513088129764,51.74479741843762,5.214020609456192,18.162422257551476,35.52161547648395,0.5432707042321121,10.923913534445445,51.99231744970116,67.04275945227039,30.18289201391881,13.345275200878005,A,individuals,0
8.783858822928636,25.02060353746941,4.396544599768197,24.910686418695104,10.973974073123104,14.389073570245237,5.88787838605611,49.28383953550453,0.021898843668751118,5.980206341006984,30.789360168900874,28.02322235989685,23.117277710233072,37.81170237445269,A,legal entities,0
31.09958920977157,42.37782065181805,10.702817807563168,54.25449855965765,44.068405235288026,1.1611934338105876,38.84415288843149,71.54141263693488,1.192532696686549,7.60365765888597,24.957287235756784,55.481751883227695,40.7441489863057,41.89360903463233,A,legal entities,1
33.52788363010697,12.968037863645526,4.53429815251694,44.245668270062446,1.0101053483390288,9.432616054779382,30.979812854530532,25.274730980361927,0.1276269086968136,12.036785938716568,14.12451393254462,27.199925914135505,32.82580452640735,51.453892868194394,A,individuals,0
45.96264262245332,35.63887336137891,6.03064595659315,,33.65737468589131,8.511607998634187,17.536108685288106,28.15251432991339,0.8051954883533888,5.361356714427642,34.2113302777904,72.88974075588685,15.604686288084844,16.147084623341648,B,individuals,1
18.86320446679256,39.69475672393462,11.544836844816093,48.20610445721018,50.344128438314264,12.635505673027872,37.19695077744227,17.751068230938728,0.7680392928237366,5.6603981986005705,38.02839467379814,47.847934419989215,18.64889665764257,38.816569698151824,A,legal entities,1
,20.904786041326535,4.4744906545228105,49.17851849565892,35.927229343245635,14.326927260077333,33.646189282945656,36.68302844673065,0.40612640640392367,9.902951786817663,72.3614732087579,34.04939213555565,10.671382351446058,35.094947946184625,A,legal entities,0
13.528418167405171,63.15873906760898,7.969749568666382,17.862029440969785,,10.542573148357894,28.600694891519854,45.09158714673592,1.0293243674529893,8.87372721170551,35.86012300260545,68.76355569749784,22.24476474421241,1.2802540216550027,A,legal entities,1
18.566724951441483,8.753721400907898,4.605104708885858,37.21702677037916,1.3547464774409366,12.800132166600903,24.6615295370687,22.304585142522324,0.5214561846193445,6.842895313786947,24.70568598540559,0.318499895283194,1.2326115838792344,22.530558037058498,B,legal entities,0
6.620682096315851,1.5026212974385975,10.88938213294422,16.773310851164098,30.07365286490061,2.6390009051146626,1.8880748267377316,56.247514174879626,0.20937802493604898,0.3779044388639011,58.47806231487375,0.9879069026739743,20.249351738425137,18.190935119429373,C,individuals,0
17.02412164973241,565.9588034586657,12.22100375737796,31.630801007393778,34.221344720794015,9.798265503225553,32.226467885315316,45.90538820203811,1.277141093134064,6.59407019371449,36.972631949619284,60.380567750392295,40.16168151959899,8.67908352274552,A,individuals,1
28.922332094340106,45.93411825615295,1.0594334288015885,56.87812493045963,31.089045624664255,9.49429465172764,7.20247930725906,19.968407728756166,0.20274994785347064,3.8794053528308137,49.03426703032948,61.15047387943141,24.771719763925603,15.396351937094405,C,individuals,1
2.3781835804568376,,5.324619230452106,60.22847884611034,46.60937349283658,11.890536208550957,0.4943959856096281,58.73410307690639,0.326094560644011,8.6081463829177,,41.92970877820106,6.19351825710982,28.77510261256569,A,legal entities,0
1.96905264453046,2.754757198804084,8.335410213281428,58.23042636068488,46.467890406374366,6.901002450044239,2.257639391828604,3.3996322514286157,0.2645646761591493,14.339328863892502,39.699800170067256,61.86771151714863,32.72779570785593,38.12998244950179,B,individuals,0
50.51658888503309,15.481415225900559,5.76474399317432,52.90876645233595,32.98098472097626,3.62506140346701,8.441948889221825,56.85273290951669,0.021429103886997182,13.433859125102517,,46.28587954962892,28.068184020135455,36.42841597038434,B,legal entities,1
25.28121202453437,57.27502267377652,8.355620092305774,47.83886920069259,6.905201334649624,0.7339792742798432,,11.116049632313862,1.1176401252496273,7.259545160593146,74.91141413359965,,17.03186591328978,55.957701071645076,B,individuals,1
49.87107493060611,61.93122912998261,10.37024904574629,42.11026283596703,54.614189587850035,10.50518637757232,,,1.544305834105871,8.166489578223686,11.133137344852821,15.764706525561762,39.551292638270986,31.875317284584906,C,individuals,1
52.38154791927756,7.896946769291407,5.227590472762439,20.306003306805504,30.851483594512782,9.317493508553877,26.735295619872996,0.09785651969584716,0.1490623301561979,0.5152556157107215,86.09923624003584,22.981393362159668,17.036525776925803,28.36444485520959,B,legal entities,1
45.26564582553231,0.9518348734139933,1.5032304339479579,41.92225377387273,57.61571919554552,9.455005889146728,10.551545004925972,39.25681944164694,1.6336797761554838,7.759973105450553,37.194949571012444,28.125985918849018,44.88295323570565,45.27746437116349,C,legal entities,0
36.62446962960932,15.591792110992916,,21.827740375652468,14.357807886160982,13.173041398753629,,21.354268464696155,1.5611930772900104,2.8999635354200004,74.23948178155736,47.88193369503799,42.72246947574059,52.402446216666654,B,individuals,1
37.59034292173273,21.1361542498456,6.280266879265384,57.78972877556743,1.386914221957136,11.684148611914825,10.175218110856044,13.971290079381529,0.3891161573066405,0.8780281761292276,,63.80880712002295,,45.037299164646605,A,individuals,1
29.665039587339827,54.53020694180428,10.705574264399255,14.243468584055057,27.480966840737846,9.338232524206237,39.53709147404497,51.55231288368947,1.5040795176409216,12.433437543347766,57.96349144575048,65.55363291833041,17.517285191894,23.887330305944346,A,individuals,1
41.62337357871584,9.040024978408674,3.8756741046499408,37.23599227813284,25.10900439401865,13.837486173254614,38.73156246903523,37.95170933487307,0.9032534809082978,10.64824177589462,45.53573871316729,13.944576111359085,34.66910088011362,46.46585949357939,A,legal entities,1
13.056835565599345,55.963884350941754,7.776678194394564,14.458303073670614,38.97499290626232,3.4362571666980415,10.717602168005994,64.03621097852015,1.557458448456167,3.7748363055931726,92.41795555509339,17.516967529688294,5.442733511258681,3.6669480626730895,A,legal entities,1
12.903986185214167,25.88481839059904,,14.816630943779641,21.845328389150175,10.798996197283945,12.206288285482811,51.67908299632165,0.7239906979785312,2.8867170095784416,73.09966820107034,1.9834198233659406,13.5681443986634,22.43236363292134,C,legal entities,0
24.421803664429877,45.680596036299,5.821966070393666,36.36419628269291,35.612103295789275,5.490603925479498,887.8008003527009,72.17993610161966,0.9749508281347351,1.0534823154226376,48.907876389906,13.52798561054088,22.427449095966995,11.870695685866558,B,legal entities,1
37.5135962618511,5.404054148216736,12.081070205557053,11.954230100020995,39.490077001166135,13.487970714719125,10.016654624949402,70.55209519912324,0.6512642629223055,14.114797101445753,96.73116917239165,13.796505461982036,38.5732797745398,12.181682701076232,C,individuals,0
12.068677559619706,5.652482367923676,1.9837677056387564,38.68282336138462,26.85363620187354,11.634319227416475,13.415413611399954,73.14430001304973,0.0835665568313178,0.9248305320564225,69.84490252822467,65.10496200932073,36.921572606212926,30.84874936051899,C,legal entities,0
14.371161152840765,0.903811861662077,6.45619685630271,29.1021812518666,20.576957088930648,8.503106838515222,29.450133780780618,52.926573573434695,0.4411071343575955,8.60091384798356,14.815384714931465,8.920041206821907,333.2659471736519,43.692214877254685,A,individuals,0
40.928550173046155,10.24398109391556,11.590815211098501,8.14454054725051,52.00559654577869,5.1832897586544595,,21.654948257693572,0.30403475625295695,7.210287685476481,94.57833659609315,24.05082175011912,28.409367313446268,56.16070667326097,B,legal entities,1
33.58125006506423,24.336257416259926,12.556745905336035,11.467051139173513,31.27710912925641,11.719063957935333,0.026219690580056902,53.013792949650906,0.4465462322787581,2.4940982740579893,27.305062670489143,70.92032556546658,41.39741609164145,13.462285852171766,C,individuals,1
6.237213043067326,24.46751116246331,7.5065855466136675,53.05693783465569,57.747078694565204,11.049019214498008,24.20483919040345,10.747999557558769,0.12404213660851245,8.758488854642778,53.68153321027012,62.064361396685435,14.973114363514492,2.4997358006037693,C,legal entities,0
22.58251400092265,65.11961893469423,10.082193623523047,670.4924002231096,52.283063646664,6.9382718029717845,14.739641467975238,26.183540924978107,0.997225231105201,7.797046173758547,65.38880410974186,42.07917694732368,6.680903571338387,,C,individuals,1
44.82461984497906,44.564517487254214,5.682509463644982,11.172614691947185,0.4597240446962838,4.587678171466052,2.2162700954891723,36.41899711502791,1.3770126141096712,4.193872935756123,84.4217648528402,51.682961746222645,5.813803989912804,40.59459893020321,C,legal entities,1
8.08412679668226,43.99557754713158,1.8085978566969667,24.01612194745374,33.867610343266236,0.7409740960507643,6.194923458457538,24.195214552271516,0.7746647170401457,12.61528911954084,18.64918551303203,25.48855426486611,22.082215739060683,18.628175222852626,B,individuals,1
33.35067782444977,17.241186412953073,9.787873451707965,30.908257427940352,5.158788779408399,597.4448982487795,23.00213950260611,25.568695339543304,0.01869482905722372,2.9492666917667156,40.401706059497116,14.664591935755796,26.803111520837366,44.862322406277364,A,legal entities,1
45.62344454613299,43.47093566904708,8.731703745278535,37.228002291105625,58.90645131994986,242.21221306296917,10.759049988385074,9.539904398304897,,1.4130758860627928,26.901964641840074,35.406813225142294,44.44491206007341,60.70107845127943,A,individuals,1
39.6393591431886,26.153822752530484,10.96405054964882,53.565463623761644,54.406145362747765,9.414387733744787,8.15409575026841,6.877834399267845,1.5328001720050617,0.8162383047260634,29.465571686899047,35.72083193172211,1.0200048599682157,57.11746211587632,C,legal entities,1
15.30277872690756,1.9152450844141564,12.5916072418508,19.052840889765175,52.40775244140977,6.670339463220216,26.79576381999594,18.205578118968305,0.8426191828303118,3.786129751075414,94.71163153266966,4.47061962825824,12.748448666707445,,B,legal entities,0
,40.31981242042395,8.258805945003818,4.339756551446732,1.0603156378894465,13.79508398625104,10.97095756244442,28.71880105839437,1.1429170597496339,3.472435469282124,73.00132708179328,33.614121438431646,39.757854810998914,,B,individuals,0
10.863191385524534,55.88136355431641,4.135478069060792,25.2005126095852,47.44309820248387,9.348952785521556,17.84937462760754,18.87012468066758,1.2804970960952107,2.651395870791098,92.44071655708059,11.026358546467991,37.35940991964849,26.719253534365034,C,individuals,1
9.913633190334187,27.035948777505418,2.8076907588596502,8.32088032432577,14.295276687255418,12.758915550110165,4.280947537895095,73.43993718894863,0.008375421771125888,9.672670388897371,85.29389374509715,68.50998669367249,6.682807369463373,43.973269700005424,B,legal entities,0
5.7214252202902784,23.69206084325232,9.27558575409596,21.16864862903536,18.731663460677737,1.7070944062964701,2.684647789256546,8.705052776752295,1.4669477699123696,0.1645599607509357,68.99754924844275,56.38203816596865,26.35741571600132,46.02433543949144,C,legal entities,0
34.76422342366845,30.609097062318202,4.850028088678516,57.59615079702231,58.096629174090936,9.579814931812681,7.972502819551549,33.82246519332879,0.831999487135582,11.138209526744452,66.49914150959468,37.76394976855371,31.577779217663863,1.5151036043402635,A,legal entities,1
41.392579067878934,14.219626562347527,8.318568120036044,6.973544613130398,6.841782902309707,0.5245027295206858,36.7809240496878,45.65239065878708,0.6065043452311166,11.576227202503992,62.347042004171925,45.48568997365834,22.60513081394289,0.49922963985755975,A,legal entities,1
13.775358178815127,7.328892364371651,8.394614194225829,15.212063883204621,26.90826569990716,5.198749446186044,5.786411833205262,72.36995860312754,1.5640397836366615,1.2432993898565485,82.39138949764023,35.82440228584894,35.91142521524684,9.519897449720906,A,legal entities,0
7.049856673152587,59.850235384861676,11.377922932897036,28.50720841813493,52.012819004306145,9.817924131777085,7.475921781241377,24.84051121429465,0.2279835736546579,11.373011914537484,98.11406274760449,40.079303336534025,30.440653365311874,46.989015296163146,C,legal entities,1
11.952408508182385,22.57601394347855,5.225280814995268,36.38036156244722,50.837350022042244,3.739182925317225,19.027797089072614,56.75100934545336,0.1464225284561997,7.5368608366358085,14.377740528817881,39.54899219978924,35.63697926002337,14.922981406755781,C,legal entities,0
45.27492212930788,22.495577950310548,2.417786085120845,28.471184196438262,52.3665188137372,1.0139643243286554,13.236592974194517,49.322683319575646,0.5991634172773699,1.0407436155188452,33.06139933581508,60.22105684670762,44.929552561497424,2.5052994692954553,A,individuals,1
30.34130018236813,7.075365907283383,8.622556474768682,0.48289216225830506,0.8811660503974134,11.427440111816438,3.0078018724479727,23.045358022185948,1.6052949826143728,14.477997902589266,16.072954956336318,41.14467422703706,25.951790189232263,,C,individuals,0
49.28403761259988,50.663740584720315,9.68872767116645,16.493821344326655,25.961033462476603,7.169712655559705,12.078515476960888,7.160028794590626,0.21172784023668204,2.654923996772091,20.280376888646018,17.770991392049364,11.856673457218582,28.701079790128503,B,individuals,1
27.158883967524236,20.75367683491108,11.498022527872362,33.844296496530845,47.070652058898865,13.59498872250362,6.5920061242769945,32.3103301953499,0.7258884560527151,5.208894710261565,0.8868714610072721,59.8552175876584,5.177805906232364,62.69550862809391,A,individuals,0
41.19661389465603,38.97102864072504,1.9593024232387581,31.534731280494658,15.607515919417153,3.711514239372433,33.51983358343898,28.743819725697502,0.7552339566516121,12.387188441774807,8.74243960905471,43.617889188866855,26.836740564462026,26.780073616608423,B,legal entities,1
44.22476223503731,63.353036102726016,5.897127009249165,27.909722243086648,30.01036130638501,10.636724335766464,148.71675998700596,16.827062753112383,0.10706320937852788,13.949088565838307,25.99806744209664,46.84393393910905,38.45031615292864,18.911472151290262,B,legal entities,1
33.86689618152969,7.249846141485597,12.291786182621019,3.5584605868814414,26.191456383234023,7.896291718240177,31.941993234429596,9.146846871298955,0.7386189673447756,4.404198092427493,31.07091237807989,,0.2534589942425724,47.177393508812806,C,legal entities,0
43.1920621559757,,7.944372905700557,20.402731031989465,25.537532246826004,14.264240912937908,35.60722638778136,35.00249663650477,1.580198784430742,12.093147748484085,89.73308520571824,50.099446529214305,39.80632106655395,56.163557506785814,C,legal entities,0
4.904237090214415,64.85318753145285,4.227825483448568,744.2724449336022,47.33526149926481,9.780229134546488,36.08699713383401,30.24875436084431,0.6254826008821164,0.46566093832713357,46.07950596077507,53.11384187497063,13.978616230675305,29.142581172402004,A,legal entities,1
,,0.7668533460740753,43.159426542281615,22.65076322755005,0.61185343683366,34.48722098207311,36.82961953241359,1.0042203968693062,10.757036106819271,65.23417076772776,53.61163281323878,35.379801110684575,37.10484658855342,C,legal entities,0
19.487515439467135,16.336786249770142,11.44234841842501,59.34562758055991,21.378936322234377,1.6520240154580015,8.992346172963767,50.64448623322585,0.2897675965817248,11.463731720831278,91.9179703227015,70.68816515160484,0.4328249691986849,60.34468460897636,C,individuals,0
39.450376716174276,5.647357647940458,5.262276098167814,42.83284241404077,57.18492612514247,2.41442225882268,5.161479666262861,35.668612732314145,1.622148980035619,14.274212014504156,22.696396606736382,23.425547081356818,42.144513903726875,46.28042086021451,B,legal entities,0
51.82185707772973,60.01087805195334,2.7258778695278805,46.484495691489016,2.9029385313357716,12.029833679023715,24.307862059289725,72.19859790332055,1.6086328354600221,0.7467172741194896,15.985185000519326,35.51876087242394,40.81995753047837,51.29387006892209,C,legal entities,1
51.39833515375702,41.52923759786588,3.251388480081822,1.5361698239922723,13.32520980090626,9.932867048671408,37.42915388951046,24.232581858093823,1.467332413433455,5.802946194891313,30.698525710974142,37.32600977538849,20.52725195233501,57.55124475611594,A,legal entities,1
24.95683903823321,18.634239048418205,10.677698907015543,61.109287892633404,38.74380348259864,3.6841377475253245,9.65010172294348,4.357638700504877,0.1295124128334615,13.445482963990445,9.608459895645153,35.52879583689694,32.40194565380386,53.55546429696824,C,legal entities,0
9.128282155912201,29.414466861962413,3.1869683204908767,15.65274042374784,18.16169314349154,8.63613026196013,0.6698667859496709,30.86740197473254,0.3130530519846436,14.211601830489702,58.02982313278618,63.678700139870365,9.082564819979249,51.01490312505069,A,legal entities,0
914.7921845048714,11.939353801217877,9.647138789613434,46.624258633356135,59.5282115385032,11.487122572466411,5.869996723161126,24.356505252126464,0.7569147768661828,1.8611361788848086,78.47515708289056,38.635702482164824,43.834764221291785,37.114710157945716,B,legal entities,1
27.869118308502326,4.799075181668997,1.892636785283769,51.978932646502514,59.21667365138321,6.107038115472497,32.73416909040069,47.391242310026364,1.6070021695536822,3.4993762825921753,54.25628922336143,29.98700865210849,25.14267871719633,16.932720058944295,B,legal entities,0
26.528535099273306,41.98075818989287,1.0292359182116224,45.46026959167376,42.231709129051964,12.951007568066293,17.208122266589314,4.656856422797581,0.7732254469147462,,64.47459077711679,3.4573089021377155,17.358305644945833,5.217457444918775,B,individuals,1
0.179421904411385,64.54009749383304,12.623762683023296,33.98889250414582,14.283348844659942,13.401724854796447,37.29830280059101,64.52701780398075,0.912147737115916,1.0977324466308154,8.806999343599328,65.77108699594912,40.64977592580444,27.358400094304848,A,individuals,1
17.489760831648226,43.27885894746993,10.226829297501494,44.76872854360932,36.79705483662297,3.405389747050932,10.607365005719796,54.67692114873422,1.3448718756221176,1.706582013737601,18.651571453817404,49.915548848189346,18.054045345564685,35.476264322843555,B,individuals,1
32.76798752619936,52.15331914219945,10.210722148822157,17.13791284952569,32.35547491066904,1.816963657638973,34.02436785741271,63.842792898765275,0.5018525480528468,2.3602799591989334,6.979938153870203,42.17710349451665,4.243454976708237,42.86395942043341,B,individuals,1
36.142317870267355,41.25397855559779,11.108511150463434,23.145406817569263,53.93226909277485,0.5431502102900871,4.556313684308312,31.127114002391238,0.9952962198862181,0.47575312940178993,863.6838708178755,22.549046644833933,41.17516956181757,33.586338887967244,C,legal entities,1
31.333168082506727,63.536583103040684,9.684217292943307,26.816100417515432,28.505005836341393,9.530574682313013,8.089701997434757,,0.5215087013903816,11.438170501963574,25.625034020414805,,10.165501977961577,42.76180987531566,A,individuals,1
32.72178429716195,46.24806927331027,4.080123834208411,55.119602831277824,27.00412487439305,,38.339679380692345,73.94872347922193,1.108482681920508,13.883829932829284,53.92484202242451,22.54058367014376,14.624413521974358,35.202157278322716,B,individuals,1
32.24680201562084,29.53798883249104,11.199894768457472,26.107743389839655,16.343627215394967,0.1174086823308147,39.219015736046444,62.24683961397974,1.031433212977296,12.204642669931149,80.69090068936461,68.35543847390238,17.9185701675582,34.94467255679297,C,legal entities,1
5.2566090610501135,64.85980235008488,12.484357908539655,48.28075099455597,27.144631200564675,7.304201518096948,17.592420221889434,22.148933569359357,0.8843686277507197,0.7853639867910581,98.77492804026376,31.105981278502444,43.04189115877495,45.61471886613342,C,individuals,1
15.453179598299013,14.91977496930256,12.618035645780363,47.24316875217646,14.92326690960127,0.992076538304983,28.16118495814026,22.881854718632084,0.37086247518375015,10.799749795394616,67.64276986805548,35.3137810993218,43.75151612844013,42.80372026546527,B,legal entities,0
47.61686567901876,12.803303302466826,,6.39514799847401,18.205967176382508,14.294281150264037,38.907345530991876,57.419488954403356,0.8730698005022434,,55.1178010837118,0.25736456983609207,23.2783183471051,,A,individuals,1
718.9261775433514,13.65934910440051,3.4699388990058906,38.15716277027057,8.73083754922498,10.595600817837596,17.079554059232862,26.682558645707118,1.3525988149779242,7.436492362343977,37.6822015694333,64.41659105068653,17.091673287568938,54.09995911848403,B,individuals,1
26.87243794345542,13.976052665167147,7.766146958903244,17.457748219971705,8.796052022305226,1.272795580372317,,55.619871237343766,1.4041536382693711,12.662805482817227,26.902131623520933,48.4853322115703,10.69142941476054,39.22164587743634,C,individuals,0
47.28596568369548,2.7476575016530074,12.485607430848857,50.606033470926185,45.52759729994821,10.16953690215257,31.125427571459326,75.10544701186022,1.290534505435461,5.1666991284023505,61.13608007692054,24.714815923611766,45.02367450396697,56.69092748134043,A,legal entities,1
30.25263528933449,52.493993100765046,11.528317244450884,14.904877017435979,34.63795305096638,7.085760502284171,31.17866407725694,28.62587488091949,1.1879680958806367,5.921898165594967,11.061150188727769,7.857837953158307,5.525764515768919,2.048106378311994,C,legal entities,1
